{"cameraMode":{"drawMode":0,"name":"Shaded","section":"Shading Mode"},"sceneLighting":false,"audioPlay":false,"sceneViewState":{"m_AlwaysRefresh":false,"showFog":true,"showSkybox":false,"showFlares":true,"showImageEffects":true,"showParticleSystems":true,"showVisualEffectGraphs":true,"m_FxEnabled":true},"in2DMode":false,"pivot":{"x":25.110000610351564,"y":1.0151559114456177,"z":21.760000228881837},"rotation":{"x":-0.2715330421924591,"y":0.38260331749916079,"z":-0.11867158859968186,"w":-0.8752558827400208},"size":2.4699435234069826,"orthographic":true}