{"cameraMode":{"drawMode":0,"name":"Shaded","section":"Shading Mode"},"sceneLighting":true,"audioPlay":false,"sceneViewState":{"m_AlwaysRefresh":false,"showFog":true,"showSkybox":true,"showFlares":true,"showImageEffects":true,"showParticleSystems":true,"showVisualEffectGraphs":true,"m_FxEnabled":true},"in2DMode":false,"pivot":{"x":372.6681213378906,"y":-51.162235260009769,"z":160.29977416992188},"rotation":{"x":-0.5622743368148804,"y":-0.0030654568690806629,"z":0.0007092932355590165,"w":-0.8275265693664551},"size":56.487117767333987,"orthographic":true}