{"cameraMode":{"drawMode":0,"name":"Shaded","section":"Shading Mode"},"sceneLighting":false,"audioPlay":false,"sceneViewState":{"m_AlwaysRefresh":false,"showFog":true,"showSkybox":false,"showFlares":true,"showImageEffects":true,"showParticleSystems":true,"showVisualEffectGraphs":true,"m_FxEnabled":true},"in2DMode":false,"pivot":{"x":242.82652282714845,"y":152.97872924804688,"z":90.98576354980469},"rotation":{"x":-0.13839606940746308,"y":-0.0009598371689207852,"z":-0.00007917543553048745,"w":-0.9906103014945984},"size":212.7833251953125,"orthographic":false}